instances,BB
5,0.0001416
7,0.00020549
10,0.0003264
12,0.00038167
14,0.00075619
18,0.00081192
20,0.00479488
50,0.180238701
100,0.182377131
200,2.607894951
,
,
,
,
,